name, rank, score, probability, sas_points, surf_atoms, center_x, center_y, center_z, residue_ids, surf_atom_ids
pocket1, 1, 11.47, 0.529, 66, 40, 190.1605, 194.0178, 226.4570, A_428 A_429 A_430 A_431 A_432 A_433 A_434 A_436 A_452 A_454 A_455 A_499 A_501 A_502 A_505 A_506 A_550 A_553 A_564, 2865 2866 2867 2869 2871 2872 2874 2884 2887 2891 2896 2903 2910 2923 2924 2925 3043 3057 3058 3059 3060 3064 3422 3423 3425 3441 3446 3447 3448 3465 3473 3476 3833 3862 3863 3931 3932 3935 3936 3937
pocket2, 2, 8.98, 0.413, 40, 28, 221.3721, 191.3452, 199.8071, A_39 A_400 A_401 A_41 A_43 A_45 A_53 A_54 A_56 A_71 A_74 A_75, 39 40 58 59 61 62 63 83 102 103 163 167 168 169 170 184 299 301 302 322 323 324 333 334 2703 2705 2706 2709
pocket3, 3, 8.42, 0.383, 42, 32, 221.7004, 178.8954, 226.6623, A_176 A_180 A_188 A_194 A_197 A_198 A_201 A_203 A_206 A_207 A_220 A_221 A_224 A_225, 1177 1181 1183 1221 1222 1276 1277 1279 1280 1323 1328 1330 1354 1355 1356 1357 1358 1359 1362 1389 1401 1402 1432 1434 1445 1543 1547 1576 1578 1579 1580 1585
pocket4, 4, 6.25, 0.260, 54, 28, 216.4580, 171.9417, 201.5707, A_125 A_126 A_127 A_129 A_147 A_150 A_151 A_154 A_158 A_251 A_253 A_255 A_256 A_86 A_97, 418 511 514 754 755 761 764 767 768 769 795 946 978 984 985 1007 1008 1009 1010 1046 1047 1812 1813 1829 1830 1848 1859 1862
pocket5, 5, 5.56, 0.221, 33, 17, 215.3677, 177.3845, 228.2759, A_194 A_197 A_198 A_202 A_203 A_212 A_220 A_224 A_492, 1328 1330 1332 1354 1358 1359 1362 1392 1395 1401 1480 1481 1483 1484 1543 1579 3364
pocket6, 6, 4.49, 0.158, 47, 18, 210.4180, 179.0944, 204.2582, A_121 A_123 A_125 A_153 A_154 A_157 A_40 A_42 A_50 A_86 A_89 A_90 A_92, 50 72 74 137 418 438 448 465 717 735 736 737 738 755 1002 1009 1037 1038
pocket7, 7, 3.44, 0.099, 24, 17, 219.8837, 176.4720, 189.9306, A_100 A_128 A_342 A_349 A_68 A_81 A_82 A_83 A_84 A_98, 277 376 377 378 383 388 389 399 520 540 541 542 786 2506 2507 2561 2562
pocket8, 8, 3.35, 0.094, 31, 17, 210.7913, 169.4262, 195.0877, A_256 A_257 A_258 A_336 A_339 A_86 A_95 A_97, 416 489 492 509 511 1860 1861 1862 1866 1875 1877 1879 2462 2464 2483 2484 2486
pocket9, 9, 3.12, 0.084, 26, 16, 201.0069, 190.0986, 231.1008, A_424 A_437 A_453 A_455 A_456 A_496, 2839 2930 2933 2934 2935 3050 3051 3065 3066 3067 3071 3396 3397 3398 3399 3400
pocket10, 10, 2.02, 0.037, 12, 14, 215.6522, 185.9219, 192.6802, A_104 A_122 A_37 A_39 A_64 A_67 A_85, 26 42 241 243 245 246 266 267 268 407 409 569 725 727
pocket11, 11, 1.10, 0.007, 5, 7, 196.3702, 182.9815, 222.8523, A_468 A_469 A_489 A_495 A_497, 3163 3167 3169 3178 3340 3386 3407
